{"errors":[],"warnings":[],"namedChunkGroups":{"app":{"chunks":[10,2],"assets":["webpack-runtime-fad7b75e2d0a16a6d938.js","webpack-runtime-fad7b75e2d0a16a6d938.js.map","app.f97cd51aeb4c8a18a55f.css","app-a7dc1079f8d0b42916db.js","app.f97cd51aeb4c8a18a55f.css.map","app-a7dc1079f8d0b42916db.js.map"],"children":{},"childAssets":{}},"component---node-modules-gatsby-plugin-offline-app-shell-js":{"chunks":[3],"assets":["component---node-modules-gatsby-plugin-offline-app-shell-js-b4b83fda505590ef4bc5.js","component---node-modules-gatsby-plugin-offline-app-shell-js-b4b83fda505590ef4bc5.js.map"],"children":{},"childAssets":{}},"component---src-templates-blog-post-js":{"chunks":[0,1,4],"assets":["0.8678e51e83e8113a9db8.css","0-70c97f120b999afc5d6a.js","0.8678e51e83e8113a9db8.css.map","0-70c97f120b999afc5d6a.js.map","1.08252d01aeeae2391888.css","1-131cfd57c3d59bbd1b9a.js","1.08252d01aeeae2391888.css.map","1-131cfd57c3d59bbd1b9a.js.map","component---src-templates-blog-post-js-7098a4b8211921050031.js","component---src-templates-blog-post-js-7098a4b8211921050031.js.map"],"children":{},"childAssets":{}},"component---src-pages-index-js":{"chunks":[0,9,1,5],"assets":["0.8678e51e83e8113a9db8.css","0-70c97f120b999afc5d6a.js","0.8678e51e83e8113a9db8.css.map","0-70c97f120b999afc5d6a.js.map","9-d9ff57b52b24059d44bd.js","9-d9ff57b52b24059d44bd.js.map","1.08252d01aeeae2391888.css","1-131cfd57c3d59bbd1b9a.js","1.08252d01aeeae2391888.css.map","1-131cfd57c3d59bbd1b9a.js.map","component---src-pages-index-js-77b4fee6c954aca2a9a9.js","component---src-pages-index-js-77b4fee6c954aca2a9a9.js.map"],"children":{},"childAssets":{}},"component---src-pages-blog-js":{"chunks":[0,1,6],"assets":["0.8678e51e83e8113a9db8.css","0-70c97f120b999afc5d6a.js","0.8678e51e83e8113a9db8.css.map","0-70c97f120b999afc5d6a.js.map","1.08252d01aeeae2391888.css","1-131cfd57c3d59bbd1b9a.js","1.08252d01aeeae2391888.css.map","1-131cfd57c3d59bbd1b9a.js.map","component---src-pages-blog-js-862c86f0162a7685c8a6.js","component---src-pages-blog-js-862c86f0162a7685c8a6.js.map"],"children":{},"childAssets":{}},"component---src-pages-skills-js":{"chunks":[0,1,7],"assets":["0.8678e51e83e8113a9db8.css","0-70c97f120b999afc5d6a.js","0.8678e51e83e8113a9db8.css.map","0-70c97f120b999afc5d6a.js.map","1.08252d01aeeae2391888.css","1-131cfd57c3d59bbd1b9a.js","1.08252d01aeeae2391888.css.map","1-131cfd57c3d59bbd1b9a.js.map","component---src-pages-skills-js-3d9fb24837dce452314f.js","component---src-pages-skills-js-3d9fb24837dce452314f.js.map"],"children":{},"childAssets":{}}},"assetsByChunkName":{"app":["webpack-runtime-fad7b75e2d0a16a6d938.js","app.f97cd51aeb4c8a18a55f.css","app-a7dc1079f8d0b42916db.js"],"component---node-modules-gatsby-plugin-offline-app-shell-js":["component---node-modules-gatsby-plugin-offline-app-shell-js-b4b83fda505590ef4bc5.js"],"component---src-templates-blog-post-js":["0.8678e51e83e8113a9db8.css","0-70c97f120b999afc5d6a.js","1.08252d01aeeae2391888.css","1-131cfd57c3d59bbd1b9a.js","component---src-templates-blog-post-js-7098a4b8211921050031.js"],"component---src-pages-index-js":["0.8678e51e83e8113a9db8.css","0-70c97f120b999afc5d6a.js","9-d9ff57b52b24059d44bd.js","1.08252d01aeeae2391888.css","1-131cfd57c3d59bbd1b9a.js","component---src-pages-index-js-77b4fee6c954aca2a9a9.js"],"component---src-pages-blog-js":["0.8678e51e83e8113a9db8.css","0-70c97f120b999afc5d6a.js","1.08252d01aeeae2391888.css","1-131cfd57c3d59bbd1b9a.js","component---src-pages-blog-js-862c86f0162a7685c8a6.js"],"component---src-pages-skills-js":["0.8678e51e83e8113a9db8.css","0-70c97f120b999afc5d6a.js","1.08252d01aeeae2391888.css","1-131cfd57c3d59bbd1b9a.js","component---src-pages-skills-js-3d9fb24837dce452314f.js"]}}